option_type,strike,moneyness,bid,ask,mid,implied_vol,volume,openInterest,lastTradeDate
put,4300.0,0.5624646209696061,1.15,1.45,1.2999999999999998,0.5778717005420576,2.0,0,2026-08-19 18:03:12+00:00
put,4400.0,0.5755451935502947,1.35,1.65,1.5,0.5647424078251447,10.0,0,2026-09-03 19:20:15+00:00
put,4500.0,0.5886257661309832,1.55,1.85,1.7000000000000002,0.5507638905899767,192.0,0,2026-09-10 19:40:55+00:00
put,4600.0,0.6017063387116717,1.75,2.1,1.925,0.5369271624450616,30.0,0,2026-09-10 13:58:46+00:00
put,4700.0,0.6147869112923602,2.0,2.35,2.175,0.5231361007421301,45.0,0,2026-09-10 20:08:42+00:00
put,4800.0,0.6278674838730487,2.3,2.6,2.45,0.5093234852979674,31.0,0,2026-09-10 15:05:39+00:00
put,4900.0,0.6409480564537372,2.6,2.9,2.75,0.49544302815159574,4.0,0,2026-09-10 15:55:13+00:00
put,5000.0,0.6540286290344257,2.95,3.3,3.125,0.48241662927744994,44.0,0,2026-09-10 19:31:35+00:00
put,5100.0,0.6671092016151142,3.3,3.6,3.45,0.46779094776532065,10.0,0,2026-09-10 19:47:10+00:00
put,5200.0,0.6801897741958027,3.7,4.1,3.9,0.45465422295259506,6.0,0,2026-09-10 16:35:18+00:00
put,5300.0,0.6932703467764912,4.2,4.5,4.35,0.44080247193814265,6.0,0,2026-09-10 14:31:35+00:00
put,5400.0,0.7063509193571798,4.7,5.0,4.85,0.4269859796864796,1003.0,0,2026-09-10 19:34:23+00:00
put,5450.0,0.712891205647524,4.9,5.3,5.1,0.4198516865618974,1.0,0,2026-09-09 17:36:25+00:00
put,5500.0,0.7194314919378683,5.2,5.6,5.4,0.41312926102556774,6.0,0,2026-09-09 17:17:35+00:00
put,5550.0,0.7259717782282125,5.6,5.9,5.75,0.4067424712687639,2.0,0,2026-09-10 13:53:09+00:00
put,5600.0,0.7325120645185568,5.9,6.3,6.1,0.4001412859075754,2.0,0,2026-09-10 13:58:20+00:00
put,5650.0,0.7390523508089011,6.3,6.6,6.449999999999999,0.39334727268610087,1.0,0,2026-09-09 17:35:04+00:00
put,5700.0,0.7455926370992453,6.6,7.0,6.8,0.38637870733970986,10.0,0,2026-09-10 13:30:11+00:00
put,5750.0,0.7521329233895896,7.0,7.4,7.2,0.3796581564682973,20.0,0,2026-09-10 13:58:46+00:00
put,5760.0,0.7534409806476584,7.2,7.5,7.35,0.37885139862762124,1.0,0,2026-09-03 13:30:03+00:00
put,5770.0,0.7547490379057272,7.3,7.6,7.449999999999999,0.3776283644364257,24.0,0,2026-08-19 13:12:33+00:00
put,5780.0,0.756057095163796,7.3,7.7,7.5,0.3760045714495328,,0,2026-09-03 20:04:21+00:00
put,5790.0,0.757365152421865,7.4,7.8,7.6,0.3747649719172492,25.0,0,2026-08-19 13:12:33+00:00
put,5800.0,0.7586732096799338,7.5,7.9,7.7,0.37351489611982114,17.0,0,2026-09-10 19:53:52+00:00
put,5810.0,0.7599812669380026,7.6,7.9,7.75,0.37187743243454086,1.0,0,2026-09-03 17:02:57+00:00
put,5820.0,0.7612893241960715,7.7,8.0,7.85,0.3706116742421777,2.0,0,2026-09-03 17:07:48+00:00
put,5840.0,0.7639054387122092,7.8,8.2,8.0,0.3676855813628889,49.0,0,2026-08-20 15:45:06+00:00
put,5850.0,0.7652134959702781,7.9,8.3,8.100000000000001,0.3663950163583397,7.0,0,2026-09-10 17:49:51+00:00
put,5860.0,0.7665215532283469,8.0,8.4,8.2,0.3650950253466232,1.0,0,2026-09-03 16:51:10+00:00
put,5870.0,0.7678296104864157,8.1,8.5,8.3,0.36378579352675283,1.0,0,2026-09-03 16:39:59+00:00
put,5875.0,0.7684836391154501,8.2,8.6,8.399999999999999,0.36347784151578477,1.0,0,2026-09-03 16:51:07+00:00
put,5880.0,0.7691376677444846,8.2,8.6,8.399999999999999,0.36246749969640507,3.0,0,2026-08-19 14:58:08+00:00
put,5890.0,0.7704457250025535,8.3,8.7,8.5,0.36114031651921014,8.0,0,2026-08-27 20:00:36+00:00
put,5900.0,0.7717537822606223,8.4,8.8,8.600000000000001,0.3598044107780343,1.0,0,2026-09-08 19:50:00+00:00
put,5910.0,0.7730618395186911,8.5,8.9,8.7,0.3584599436142209,1.0,0,2026-08-18 12:51:31+00:00
put,5920.0,0.77436989677676,8.6,9.0,8.8,0.3571070707538646,10.0,0,2026-09-10 13:51:59+00:00
put,5930.0,0.7756779540348289,8.7,9.2,8.95,0.35607450287661224,2.0,0,2026-09-09 16:30:59+00:00
put,5940.0,0.7769860112928977,8.8,9.2,9.0,0.3543767050448008,7.0,0,2026-08-21 15:39:28+00:00
put,5950.0,0.7782940685509666,8.9,9.4,9.15,0.35332075963060117,2.0,0,2026-09-09 15:47:13+00:00
put,5960.0,0.7796021258090354,9.0,9.5,9.25,0.3519321666988065,2.0,0,2026-09-09 16:44:43+00:00
put,5970.0,0.7809101830671042,9.1,9.6,9.35,0.35053593407017136,2.0,0,2026-09-09 16:55:02+00:00
put,5975.0,0.7815642116961387,9.2,9.7,9.45,0.35014647313129554,2.0,0,2026-09-10 13:54:24+00:00
put,5980.0,0.7822182403251732,9.3,9.7,9.5,0.34944197115518727,2.0,0,2026-09-10 13:30:06+00:00
put,5990.0,0.783526297583242,9.4,9.8,9.600000000000001,0.34802748049367577,1.0,0,2026-09-09 15:55:38+00:00
put,6000.0,0.7848343548413108,9.5,10.0,9.75,0.346907961612702,59.0,0,2026-09-10 19:31:35+00:00
put,6010.0,0.7861424120993796,9.6,10.0,9.8,0.34517695333166676,20.0,0,2026-09-01 18:44:54+00:00
put,6020.0,0.7874504693574486,9.8,10.2,10.0,0.34433184748743206,10.0,0,2026-09-01 16:25:55+00:00
put,6025.0,0.788104497986483,9.8,10.3,10.05,0.3436082281949134,2.0,0,2026-09-10 15:08:27+00:00
put,6030.0,0.7887585266155174,9.9,10.3,10.100000000000001,0.34288292325686587,3.0,0,2026-08-21 15:36:44+00:00
put,6040.0,0.7900665838735862,10.0,10.4,10.2,0.3414273054051183,2.0,0,2026-09-08 13:55:57+00:00
put,6050.0,0.7913746411316551,10.1,10.5,10.3,0.3399650899049114,8.0,0,2026-09-10 15:28:28+00:00
put,6060.0,0.7926826983897239,10.3,10.7,10.5,0.33905954299887825,8.0,0,2026-08-31 19:21:06+00:00
put,6070.0,0.7939907556477928,10.3,10.8,10.55,0.33730033110302077,10.0,0,2026-08-31 14:18:00+00:00
put,6075.0,0.7946447842768272,10.5,10.9,10.7,0.33711195228912044,5.0,0,2026-08-27 16:51:38+00:00
put,6090.0,0.7966068701639305,10.7,11.1,10.899999999999999,0.3351413096818011,4.0,0,2026-09-04 17:10:10+00:00
put,6100.0,0.7979149274219993,10.7,11.2,10.95,0.3333679994656588,15.0,0,2026-09-10 19:47:10+00:00
put,6110.0,0.7992229846800681,10.9,11.4,11.15,0.33239078523443577,1.0,0,2026-08-10 16:44:21+00:00
put,6120.0,0.8005310419381371,11.1,11.5,11.3,0.3311333042473248,10.0,0,2026-09-08 14:14:09+00:00
put,6125.0,0.8011850705671715,11.1,11.5,11.3,0.3301097565440578,2.0,0,2026-09-10 15:08:27+00:00
put,6130.0,0.8018390991962059,11.1,11.6,11.35,0.3293465464109942,29.0,0,2026-08-11 15:25:01+00:00
put,6150.0,0.8044552137123436,11.4,11.9,11.65,0.32678722283541234,7.0,0,2026-09-08 19:31:39+00:00
put,6160.0,0.8057632709704124,11.6,12.1,11.85,0.3257406503669556,1.0,0,2026-08-27 13:58:56+00:00
put,6170.0,0.8070713282284813,11.7,12.2,11.95,0.3241836321969594,10.0,0,2026-08-25 13:34:14+00:00
put,6175.0,0.8077253568575157,11.8,12.4,12.100000000000001,0.32389373404739963,3.0,0,2026-08-24 15:33:39+00:00
put,6180.0,0.8083793854865502,11.8,12.4,12.100000000000001,0.32286573012711645,1.0,0,2026-09-01 19:26:36+00:00
put,6190.0,0.809687442744619,12.0,12.5,12.25,0.3215373388247272,2.0,0,2026-09-10 14:07:55+00:00
put,6200.0,0.8109955000026878,12.1,12.7,12.399999999999999,0.3201986361805958,108.0,0,2026-09-10 20:00:08+00:00
put,6210.0,0.8123035572607568,12.3,12.8,12.55,0.318849793572932,2.0,0,2026-08-26 16:59:47+00:00
put,6220.0,0.8136116145188256,12.5,13.1,12.8,0.3179556419432382,2.0,0,2026-08-27 13:55:40+00:00
put,6225.0,0.81426564314786,12.5,13.1,12.8,0.3169235661089274,2.0,0,2026-08-27 13:55:24+00:00
put,6230.0,0.8149196717768944,12.7,13.2,12.95,0.316581661412198,6.0,0,2026-09-03 16:47:44+00:00
put,6240.0,0.8162277290349632,12.8,13.3,13.05,0.314971330371857,40.0,0,2026-09-09 14:03:35+00:00
put,6250.0,0.8175357862930321,12.9,13.5,13.2,0.31358093548403865,10.0,0,2026-09-10 18:51:32+00:00
put,6260.0,0.818843843551101,13.1,13.7,13.399999999999999,0.31240289946666416,8.0,0,2026-09-03 16:52:44+00:00
put,6270.0,0.8201519008091698,13.3,13.8,13.55,0.3109915041385596,10.0,0,2026-09-09 15:16:58+00:00
put,6275.0,0.8208059294382042,13.4,13.9,13.65,0.3103912352316911,5.0,0,2026-09-09 14:26:00+00:00
put,6280.0,0.8214599580672387,13.5,14.0,13.75,0.3097874053389099,4.0,0,2026-09-04 14:05:36+00:00
put,6290.0,0.8227680153253075,13.6,14.2,13.899999999999999,0.3083557121307521,2.0,0,2026-09-10 14:07:55+00:00
put,6300.0,0.8240760725833763,13.9,14.4,14.15,0.30733717055310683,56.0,0,2026-09-10 19:41:18+00:00
put,6310.0,0.8253841298414453,14.0,14.6,14.3,0.3058835379344459,,0,2026-08-28 17:54:17+00:00
put,6325.0,0.8273462157285485,14.3,14.9,14.600000000000001,0.30399418446250925,5.0,0,2026-08-24 14:31:53+00:00
put,6330.0,0.8280002443575829,14.4,15.0,14.7,0.30335785403124377,2.0,0,2026-09-03 16:32:00+00:00
put,6340.0,0.8293083016156517,14.6,15.2,14.899999999999999,0.3020755485282847,1.0,0,2026-08-28 14:51:23+00:00
put,6350.0,0.8306163588737207,14.8,15.4,15.100000000000001,0.3007805693241649,1.0,0,2026-09-04 13:51:02+00:00
put,6360.0,0.8319244161317895,15.0,15.6,15.3,0.299473131559345,31.0,0,2026-08-21 17:48:07+00:00
put,6370.0,0.8332324733898583,15.2,15.8,15.5,0.298153441760309,2.0,0,2026-09-04 13:46:47+00:00
put,6375.0,0.8338865020188928,15.3,15.9,15.600000000000001,0.2974890646226145,4.0,0,2026-09-03 18:18:48+00:00
put,6380.0,0.8345405306479272,15.4,16.0,15.7,0.2968216982054342,1.0,0,2026-08-10 16:45:11+00:00
put,6390.0,0.835848587905996,15.6,16.2,15.899999999999999,0.2954780912684321,4.0,0,2026-09-03 16:11:46+00:00
put,6400.0,0.8371566451640648,15.8,16.4,16.1,0.2941228037398165,33.0,0,2026-09-10 20:00:08+00:00
put,6410.0,0.8384647024221338,16.0,16.7,16.35,0.29293994845570676,4.0,0,2026-09-03 16:10:57+00:00
put,6420.0,0.8397727596802026,16.2,16.9,16.549999999999997,0.2915596608527954,4.0,0,2026-09-03 16:10:57+00:00
put,6425.0,0.840426788309237,16.4,17.0,16.7,0.29104575299568425,1.0,0,2026-09-10 19:29:55+00:00
put,6430.0,0.8410808169382714,16.5,17.1,16.8,0.2903476089698937,2.0,0,2026-09-03 16:10:12+00:00
put,6440.0,0.8423888741963402,16.7,17.4,17.049999999999997,0.2891201503645606,4.0,0,2026-09-03 16:10:04+00:00
put,6450.0,0.8436969314544092,16.9,17.6,17.25,0.2877028492248823,2.0,0,2026-09-10 18:49:23+00:00
put,6460.0,0.845004988712478,17.3,18.0,17.65,0.28696428120485046,1.0,0,2026-09-04 13:43:38+00:00
put,6470.0,0.8463130459705468,17.5,18.1,17.8,0.28534809327915317,28.0,0,2026-09-09 20:04:18+00:00
put,6475.0,0.8469670745995813,17.6,18.2,17.9,0.2846221175449569,6.0,0,2026-09-10 19:29:55+00:00
put,6480.0,0.8476211032286157,17.8,18.5,18.15,0.28439720039719485,2.0,0,2026-09-01 19:41:43+00:00
put,6490.0,0.8489291604866845,18.0,18.6,18.3,0.28276120829780477,2.0,0,2026-09-03 19:19:18+00:00
put,6500.0,0.8502372177447534,18.2,18.9,18.549999999999997,0.28144682093154916,16.0,0,2026-09-10 19:59:03+00:00
put,6510.0,0.8515452750028223,18.5,19.1,18.8,0.28011876194490326,1.0,0,2026-09-04 15:29:28+00:00
put,6520.0,0.8528533322608911,18.7,19.4,19.049999999999997,0.27877723829299034,28.0,0,2026-09-09 20:04:21+00:00
put,6525.0,0.8535073608899255,19.0,19.7,19.35,0.27865617443602275,1.0,0,2026-09-04 19:55:00+00:00
put,6530.0,0.8541613895189599,19.0,19.7,19.35,0.2775802340229112,1.0,0,2026-09-10 18:17:33+00:00
put,6540.0,0.8554694467770289,19.4,20.1,19.75,0.2766769021309871,2.0,0,2026-08-31 15:58:10+00:00
put,6550.0,0.8567775040350977,19.7,20.4,20.049999999999997,0.275441957683912,2.0,0,2026-09-10 14:50:21+00:00
put,6560.0,0.8580855612931665,20.0,20.7,20.35,0.27419062922409043,100.0,0,2026-09-03 19:23:31+00:00
put,6570.0,0.8593936185512353,20.3,21.0,20.65,0.2729231936077276,2.0,0,2026-09-02 17:12:41+00:00
put,6575.0,0.8600476471802698,20.4,21.1,20.75,0.27213519269290243,5.0,0,2026-09-09 20:04:23+00:00
put,6580.0,0.8607016758093042,20.5,21.2,20.85,0.2713449819616642,1.0,0,2026-08-17 13:46:37+00:00
put,6590.0,0.862009733067373,20.8,21.6,21.200000000000003,0.27019553568296567,2.0,0,2026-09-02 16:03:15+00:00
put,6600.0,0.8633177903254419,21.1,21.8,21.450000000000003,0.2687392932660418,56.0,0,2026-09-10 19:41:18+00:00
put,6610.0,0.8646258475835108,21.5,22.2,21.85,0.2676974830440622,8.0,0,2026-09-10 14:59:15+00:00
put,6620.0,0.8659339048415796,21.7,22.5,22.1,0.26621309974424157,1.0,0,2026-09-10 15:47:15+00:00
put,6625.0,0.866587933470614,21.9,22.6,22.25,0.2655363176645394,2.0,0,2026-09-10 18:10:10+00:00
put,6630.0,0.8672419620996484,22.1,22.9,22.5,0.26513256728070866,1.0,0,2026-09-10 14:33:40+00:00
put,6640.0,0.8685500193577174,22.4,23.2,22.799999999999997,0.26375745308585063,3.0,0,2026-09-10 18:10:10+00:00
put,6650.0,0.8698580766157862,22.8,23.5,23.15,0.262502863465111,82.0,0,2026-09-10 20:11:39+00:00
put,6660.0,0.871166133873855,23.1,23.9,23.5,0.26123081820888155,3.0,0,2026-09-10 18:18:39+00:00
put,6670.0,0.8724741911319238,23.5,24.3,23.9,0.26007279524896887,4.0,0,2026-09-08 14:23:07+00:00
put,6675.0,0.8731282197609583,23.7,24.4,24.049999999999997,0.25935581483991826,2.0,0,2026-09-10 13:30:26+00:00
put,6680.0,0.8737822483899927,23.9,24.6,24.25,0.258764976838198,2.0,0,2026-09-10 16:05:49+00:00
put,6690.0,0.8750903056480616,24.3,25.0,24.65,0.2575682960020402,2.0,0,2026-09-10 13:30:26+00:00
put,6700.0,0.8763983629061304,24.6,25.4,25.0,0.25622583800409054,30.0,0,2026-09-10 19:09:11+00:00
put,6710.0,0.8777064201641993,25.0,25.8,25.4,0.25499173114218304,9.0,0,2026-09-10 20:00:35+00:00
put,6720.0,0.8790144774222681,25.5,26.2,25.85,0.2538612648269878,1.0,0,2026-09-03 19:52:02+00:00
put,6725.0,0.8796685060513025,25.7,26.4,26.049999999999997,0.2532267818946716,4.0,0,2026-09-10 20:00:35+00:00
put,6730.0,0.8803225346803369,25.8,26.6,26.200000000000003,0.25246649188140385,1.0,0,2026-09-09 13:30:08+00:00
put,6740.0,0.8816305919384059,26.2,27.0,26.6,0.25117594452343744,3.0,0,2026-09-10 14:24:10+00:00
put,6750.0,0.8829386491964747,26.6,27.4,27.0,0.24986714337430274,27.0,0,2026-09-10 20:08:03+00:00
put,6760.0,0.8842467064545435,27.1,27.8,27.450000000000003,0.2486569082509069,1.0,0,2026-09-04 13:48:24+00:00
put,6770.0,0.8855547637126124,27.6,28.3,27.950000000000003,0.24754080733523842,1.0,0,2026-09-03 16:44:46+00:00
put,6775.0,0.8862087923416468,27.8,28.6,28.200000000000003,0.24697388940107767,5.0,0,2026-09-10 19:55:01+00:00
put,6780.0,0.8868628209706813,28.0,28.7,28.35,0.24617443484177182,10.0,0,2026-08-31 14:23:26+00:00
put,6790.0,0.8881708782287501,28.5,29.3,28.9,0.24512657480508257,2.0,0,2026-09-08 14:33:06+00:00
put,6800.0,0.8894789354868189,29.1,29.4,29.25,0.2436114012603182,351.0,0,2026-09-10 19:44:29+00:00
put,6810.0,0.8907869927448878,29.4,30.1,29.75,0.24240944870842948,14.0,0,2026-09-10 20:00:48+00:00
put,6820.0,0.8920950500029566,30.0,30.7,30.35,0.2414002785611192,1.0,0,2026-09-03 15:52:04+00:00
put,6825.0,0.892749078631991,30.2,31.0,30.6,0.24077859805852705,2.0,0,2026-09-10 20:00:48+00:00
put,6830.0,0.8934031072610255,30.5,31.2,30.85,0.24015152551964458,40.0,0,2026-09-09 14:00:54+00:00
put,6840.0,0.8947111645190944,31.0,31.8,31.4,0.2389859039032763,1.0,0,2026-09-10 14:09:09+00:00
put,6850.0,0.8960192217771632,31.5,31.9,31.7,0.23728010675036965,8.0,0,2026-09-10 15:54:58+00:00
put,6860.0,0.897327279035232,32.0,32.8,32.4,0.23637986417419007,11.0,0,2026-09-03 16:42:22+00:00
put,6870.0,0.898635336293301,32.6,33.4,33.0,0.23524687145023554,14.0,0,2026-09-10 16:44:38+00:00
put,6875.0,0.8992893649223354,32.8,33.6,33.2,0.2344712095673191,11.0,0,2026-09-10 19:55:00+00:00
put,6880.0,0.8999433935513698,33.2,34.0,33.6,0.2340883071998495,6.0,0,2026-09-10 16:43:39+00:00
put,6885.0,0.9005974221804042,33.4,34.2,33.8,0.23330275813757906,2.0,0,2026-09-10 14:26:04+00:00
put,6890.0,0.9012514508094386,33.7,34.5,34.1,0.23270912656262566,5.0,0,2026-09-10 16:44:33+00:00
put,6895.0,0.901905479438473,34.0,34.7,34.35,0.23201213041592242,1.0,0,2026-08-25 14:30:29+00:00
put,6900.0,0.9025595080675074,34.4,34.9,34.65,0.2314067939333482,542.0,0,2026-09-10 19:47:09+00:00
put,6905.0,0.9032135366965419,34.6,35.4,35.0,0.23089119624350005,5.0,0,2026-09-09 15:14:29+00:00
put,6910.0,0.9038675653255763,34.9,35.7,35.3,0.23027302857642862,14.0,0,2026-09-10 16:21:06+00:00
put,6915.0,0.9045215939546107,35.2,36.0,35.6,0.22964883891043852,5.0,0,2026-09-10 15:47:15+00:00
put,6920.0,0.9051756225836451,35.5,36.3,35.9,0.229018669164533,20.0,0,2026-09-10 14:39:43+00:00
put,6925.0,0.9058296512126796,35.9,36.7,36.3,0.2285690964043951,10.0,0,2026-09-10 19:17:47+00:00
put,6930.0,0.906483679841714,36.2,37.1,36.650000000000006,0.22801845670313156,71.0,0,2026-08-31 14:36:22+00:00
put,6935.0,0.9071377084707485,36.4,37.3,36.849999999999994,0.22718476423065256,3.0,0,2026-09-10 14:26:04+00:00
put,6940.0,0.9077917370997829,36.7,37.5,37.1,0.22643897977499367,3.0,0,2026-09-10 13:45:04+00:00
put,6945.0,0.9084457657288173,37.2,38.0,37.6,0.2261428264021364,10.0,0,2026-09-09 15:18:07+00:00
put,6950.0,0.9090997943578517,37.4,38.0,37.7,0.22511424518012957,11.0,0,2026-09-10 19:18:39+00:00
put,6955.0,0.9097538229868861,37.8,38.6,38.2,0.22480201063176944,1.0,0,2026-09-01 14:53:34+00:00
put,6960.0,0.9104078516159205,38.2,39.0,38.6,0.2243010514022168,13.0,0,2026-09-10 19:53:21+00:00
put,6965.0,0.9110618802449549,38.5,39.3,38.9,0.2236153785723334,1.0,0,2026-08-24 13:47:42+00:00
put,6970.0,0.9117159088739895,38.9,39.7,39.3,0.22309968619831622,1.0,0,2026-09-10 19:37:13+00:00
put,6975.0,0.9123699375030239,39.1,40.0,39.55,0.22231453980689603,5.0,0,2026-09-09 18:52:34+00:00
put,6980.0,0.9130239661320583,39.6,40.4,40.0,0.22187156086912896,7.0,0,2026-09-10 19:53:21+00:00
put,6985.0,0.9136779947610927,39.8,40.6,40.2,0.22098935266078928,1.0,0,2026-09-10 15:39:37+00:00
put,6990.0,0.9143320233901271,40.2,41.0,40.6,0.22044605517424862,3.0,0,2026-09-10 18:39:52+00:00
put,6995.0,0.9149860520191615,40.5,41.4,40.95,0.2198101127213099,1.0,0,2026-09-10 18:40:51+00:00
put,7000.0,0.9156400806481959,40.9,41.5,41.2,0.21899875647522823,121.0,0,2026-09-10 20:14:43+00:00
put,7005.0,0.9162941092772304,41.3,42.1,41.7,0.2186026598005775,2.0,0,2026-09-10 13:57:38+00:00
put,7010.0,0.9169481379062648,41.7,42.5,42.1,0.2180301144703374,4.0,0,2026-09-10 15:00:46+00:00
put,7015.0,0.9176021665352992,42.0,42.9,42.45,0.21736737976253118,1.0,0,2026-09-10 13:54:33+00:00
put,7020.0,0.9182561951643337,42.5,43.3,42.9,0.2168626770508871,2.0,0,2026-09-10 19:37:13+00:00
put,7025.0,0.9189102237933681,43.0,43.8,43.4,0.21643101738454165,6.0,0,2026-09-10 19:44:29+00:00
put,7030.0,0.9195642524224025,43.3,44.1,43.7,0.2156657989619089,3.0,0,2026-09-09 19:54:16+00:00
put,7035.0,0.920218281051437,43.7,44.5,44.1,0.2150564452156739,1.0,0,2026-08-20 17:19:58+00:00
put,7040.0,0.9208723096804714,44.2,45.0,44.6,0.21459979511981425,16.0,0,2026-09-10 15:37:42+00:00
put,7045.0,0.9215263383095058,44.4,45.3,44.849999999999994,0.21373665721649873,23.0,0,2026-09-09 14:00:02+00:00
put,7050.0,0.9221803669385402,45.0,45.5,45.25,0.21310631116399079,124.0,0,2026-09-10 20:13:18+00:00
put,7055.0,0.9228343955675746,45.5,46.3,45.9,0.21286088026037833,1.0,0,2026-09-09 14:00:02+00:00
put,7060.0,0.923488424196609,45.8,46.7,46.25,0.21213604686595391,3.0,0,2026-09-10 19:33:51+00:00
put,7065.0,0.9241424528256434,46.1,47.0,46.55,0.21132778355736215,7.0,0,2026-09-10 16:11:20+00:00
put,7070.0,0.924796481454678,46.7,47.6,47.150000000000006,0.21097582571350548,10.0,0,2026-09-10 15:37:42+00:00
put,7075.0,0.9254505100837124,47.1,48.0,47.55,0.21030751124102345,5.0,0,2026-09-10 18:24:40+00:00
put,7080.0,0.9261045387127468,47.6,48.5,48.05,0.20978399443080248,1.0,0,2026-09-09 15:16:42+00:00
put,7085.0,0.9267585673417812,48.0,48.8,48.4,0.20902566886066967,2.0,0,2026-09-10 15:55:28+00:00
put,7090.0,0.9274125959708156,48.4,49.3,48.849999999999994,0.20841124782176335,11.0,0,2026-09-10 18:39:52+00:00
put,7095.0,0.92806662459985,48.8,49.7,49.25,0.20771469450873056,18.0,0,2026-09-10 18:31:49+00:00
put,7100.0,0.9287206532288845,49.4,50.0,49.7,0.2070853467583676,89.0,0,2026-09-10 19:59:15+00:00
put,7105.0,0.9293746818579189,49.9,50.8,50.349999999999994,0.20674206214015434,1.0,0,2026-09-09 16:54:34+00:00
put,7110.0,0.9300287104869533,50.4,51.3,50.849999999999994,0.20616851601268618,2.0,0,2026-09-10 13:35:04+00:00
put,7115.0,0.9306827391159878,50.8,51.7,51.25,0.2054416138076354,9.0,0,2026-09-10 16:11:20+00:00
put,7120.0,0.9313367677450222,51.2,52.2,51.7,0.2047801062888307,23.0,0,2026-09-10 14:39:43+00:00
put,7125.0,0.9319907963740566,51.7,52.7,52.2,0.2041826755737805,9.0,0,2026-09-10 16:11:26+00:00
put,7130.0,0.932644825003091,52.3,53.2,52.75,0.2036479713179641,3.0,0,2026-09-10 13:46:39+00:00
put,7135.0,0.9332988536321255,52.9,53.8,53.349999999999994,0.20317461709500007,2.0,0,2026-09-04 16:08:15+00:00
put,7140.0,0.9339528822611599,53.5,54.4,53.95,0.20269114576950048,2.0,0,2026-09-10 15:56:52+00:00
put,7145.0,0.9346069108901943,53.8,54.8,54.3,0.2018493826170174,16.0,0,2026-09-10 15:01:00+00:00
put,7150.0,0.9352609395192287,54.5,55.0,54.75,0.2011405149674561,21.0,0,2026-09-10 18:48:23+00:00
put,7155.0,0.9359149681482631,54.9,55.8,55.349999999999994,0.20063090142872936,3.0,0,2026-09-10 18:24:55+00:00
put,7160.0,0.9365689967772975,55.4,56.3,55.849999999999994,0.19997467039981034,28.0,0,2026-09-10 18:19:43+00:00
put,7165.0,0.9372230254063321,56.0,56.9,56.45,0.19944630675240127,1.0,0,2026-09-10 13:37:39+00:00
put,7170.0,0.9378770540353665,56.7,57.7,57.2,0.19911061297840973,1.0,0,2026-09-09 13:57:14+00:00
put,7175.0,0.9385310826644009,57.1,58.0,57.55,0.19822628038179776,127.0,0,2026-09-10 20:08:03+00:00
put,7180.0,0.9391851112934353,57.6,58.7,58.150000000000006,0.1976697565838305,71.0,0,2026-09-10 19:59:47+00:00
put,7185.0,0.9398391399224697,58.3,59.3,58.8,0.19716988694291274,92.0,0,2026-09-10 18:24:55+00:00
put,7190.0,0.9404931685515041,58.8,59.8,59.3,0.1964622434145137,352.0,0,2026-09-10 19:59:47+00:00
put,7195.0,0.9411471971805385,59.7,60.6,60.150000000000006,0.19620445646803408,9.0,0,2026-09-10 18:16:20+00:00
put,7200.0,0.941801225809573,60.2,60.7,60.45,0.19521851733655088,1852.0,0,2026-09-10 20:11:24+00:00
put,7205.0,0.9424552544386074,60.7,61.7,61.2,0.1948092609130577,5.0,0,2026-09-10 15:20:41+00:00
put,7210.0,0.9431092830676419,61.4,62.4,61.9,0.1943240263921312,37.0,0,2026-09-10 19:56:30+00:00
put,7215.0,0.9437633116966763,61.8,62.8,62.3,0.1934452770989449,1.0,0,2026-09-10 18:07:31+00:00
put,7220.0,0.9444173403257107,62.6,63.6,63.1,0.19306757935850688,11.0,0,2026-09-10 19:50:38+00:00
put,7225.0,0.9450713689547451,63.3,64.3,63.8,0.19255151467319578,43.0,0,2026-09-10 20:11:24+00:00
put,7230.0,0.9457253975837795,63.7,64.7,64.2,0.1916490960333152,3.0,0,2026-09-10 14:45:03+00:00
put,7235.0,0.946379426212814,64.5,65.5,65.0,0.1912385273630807,19.0,0,2026-09-10 18:16:20+00:00
put,7240.0,0.9470334548418484,65.2,66.2,65.7,0.19069208732344528,3.0,0,2026-09-10 15:46:08+00:00
put,7245.0,0.9476874834708828,65.8,66.8,66.3,0.19001215435038363,8.0,0,2026-09-10 18:23:35+00:00
put,7250.0,0.9483415120999172,66.5,67.2,66.85,0.18926204306188488,33.0,0,2026-09-10 19:01:58+00:00
put,7255.0,0.9489955407289516,67.1,68.1,67.6,0.1887467343275361,1.0,0,2026-09-10 15:55:12+00:00
put,7260.0,0.9496495693579861,67.8,68.8,68.3,0.1881598669588386,10.0,0,2026-09-10 19:01:58+00:00
put,7265.0,0.9503035979870206,68.5,69.5,69.0,0.1875626223843877,1.0,0,2026-09-09 14:22:53+00:00
put,7270.0,0.950957626616055,69.2,70.3,69.75,0.18701472336614428,3.0,0,2026-09-09 20:05:33+00:00
put,7275.0,0.9516116552450894,70.1,71.1,70.6,0.1865744417576101,57.0,0,2026-09-10 19:45:30+00:00
put,7280.0,0.9522656838741238,70.7,71.7,71.2,0.1858269830186812,26.0,0,2026-09-10 18:30:07+00:00
put,7285.0,0.9529197125031582,71.4,72.5,71.95,0.18524655692539288,4.0,0,2026-09-09 14:20:56+00:00
put,7290.0,0.9535737411321926,72.4,73.4,72.9,0.1848883607718981,7.0,0,2026-09-10 20:01:00+00:00
put,7295.0,0.954227769761227,73.2,74.3,73.75,0.184400718834008,2.0,0,2026-09-10 16:21:14+00:00
put,7300.0,0.9548817983902615,73.8,74.6,74.19999999999999,0.18344017781674976,146.0,0,2026-09-10 20:01:00+00:00
put,7305.0,0.955535827019296,74.5,75.6,75.05,0.1829310599149072,1.0,0,2026-09-04 13:39:44+00:00
put,7310.0,0.9561898556483304,75.6,76.6,76.1,0.18263764623143652,27.0,0,2026-09-10 18:25:26+00:00
put,7315.0,0.9568438842773648,76.2,77.2,76.7,0.1818200900062877,1.0,0,2026-09-10 19:13:11+00:00
put,7320.0,0.9574979129063992,77.0,78.0,77.5,0.18121898256539215,18.0,0,2026-09-10 20:01:10+00:00
put,7325.0,0.9581519415354336,77.8,78.8,78.3,0.18060659655927286,14.0,0,2026-09-10 20:01:10+00:00
put,7330.0,0.9588059701644681,78.8,79.9,79.35,0.18026138440056275,2.0,0,2026-09-10 14:58:07+00:00
put,7335.0,0.9594599987935025,79.4,80.5,79.95,0.17940348699383551,6.0,0,2026-09-10 14:58:07+00:00
put,7340.0,0.9601140274225369,80.5,81.6,81.05,0.17908759198366525,4.0,0,2026-09-10 19:13:11+00:00
put,7345.0,0.9607680560515713,81.4,82.5,81.95,0.17853780956291712,7.0,0,2026-09-10 19:09:55+00:00
put,7350.0,0.9614220846806057,82.2,82.9,82.55000000000001,0.17764882202631446,41.0,0,2026-09-10 19:45:30+00:00
put,7355.0,0.9620761133096402,82.9,84.2,83.55000000000001,0.17718458583592547,2.0,0,2026-09-04 15:10:50+00:00
put,7360.0,0.9627301419386746,83.8,85.0,84.4,0.17654517656685662,2.0,0,2026-09-10 13:55:23+00:00
put,7365.0,0.9633841705677091,85.0,86.1,85.55,0.17621579935991985,6.0,0,2026-09-10 17:25:19+00:00
put,7370.0,0.9640381991967435,85.7,86.9,86.30000000000001,0.17544470324023098,5.0,0,2026-09-10 16:42:58+00:00
put,7375.0,0.9646922278257779,86.6,87.8,87.19999999999999,0.1748222352342493,36.0,0,2026-09-10 18:49:23+00:00
put,7380.0,0.9653462564548123,87.6,88.7,88.15,0.1742403709114124,6.0,0,2026-09-10 19:03:39+00:00
put,7385.0,0.9660002850838467,88.6,89.8,89.19999999999999,0.17375084312066463,3.0,0,2026-09-10 13:41:36+00:00
put,7390.0,0.9666543137128811,89.8,90.9,90.35,0.17335204466262089,7.0,0,2026-09-10 14:20:20+00:00
put,7395.0,0.9673083423419155,90.5,91.7,91.1,0.1725225222477045,10.0,0,2026-09-09 15:42:36+00:00
put,7400.0,0.9679623709709501,91.8,92.4,92.1,0.1719410892725642,468.0,0,2026-09-10 19:57:39+00:00
put,7405.0,0.9686163995999845,92.6,93.8,93.19999999999999,0.17144946762875352,3.0,0,2026-09-08 18:56:20+00:00
put,7410.0,0.9692704282290189,93.7,94.8,94.25,0.17089243468948564,21.0,0,2026-09-10 18:25:18+00:00
put,7415.0,0.9699244568580533,94.7,95.9,95.30000000000001,0.17032175703464272,10.0,0,2026-09-09 17:18:12+00:00
put,7420.0,0.9705784854870877,95.6,96.8,96.19999999999999,0.16958515606614538,5.0,0,2026-09-10 17:12:16+00:00
put,7425.0,0.9712325141161221,96.8,98.0,97.4,0.16913950881545112,173.0,0,2026-09-10 18:24:51+00:00
put,7430.0,0.9718865427451566,98.0,99.1,98.55,0.1686285251727256,17.0,0,2026-09-10 19:37:39+00:00
put,7435.0,0.972540571374191,99.0,100.2,99.6,0.16800287672743874,2.0,0,2026-09-02 17:12:41+00:00
put,7440.0,0.9731946000032254,100.0,101.4,100.7,0.16741343271403292,4.0,0,2026-09-10 14:11:03+00:00
put,7445.0,0.9738486286322598,101.3,102.6,101.94999999999999,0.16695875102369004,1.0,0,2026-09-10 14:04:52+00:00
put,7450.0,0.9745026572612943,102.6,103.2,102.9,0.16619226661654973,33.0,0,2026-09-10 19:37:39+00:00
put,7455.0,0.9751566858903287,103.5,104.7,104.1,0.165658908767231,2.0,0,2026-09-10 18:05:12+00:00
put,7460.0,0.9758107145193631,105.0,106.2,105.6,0.1654044522792928,22.0,0,2026-09-10 14:58:06+00:00
put,7465.0,0.9764647431483976,105.9,107.1,106.5,0.16454728862386306,6.0,0,2026-09-10 17:12:16+00:00
put,7470.0,0.977118771777432,107.2,108.5,107.85,0.1641147533676018,5.0,0,2026-09-10 18:09:49+00:00
put,7475.0,0.9777728004064664,108.2,109.6,108.9,0.1633757453063768,50.0,0,2026-09-10 19:56:59+00:00
put,7480.0,0.9784268290355008,109.5,110.8,110.15,0.16281565447948032,21.0,0,2026-09-10 19:27:45+00:00
put,7485.0,0.9790808576645352,110.8,112.1,111.44999999999999,0.16228815232543253,10.0,0,2026-09-10 18:51:45+00:00
put,7490.0,0.9797348862935696,112.3,113.5,112.9,0.16188831356948089,7.0,0,2026-09-10 15:17:50+00:00
put,7495.0,0.9803889149226042,113.5,114.8,114.15,0.16128099258985687,6.0,0,2026-09-04 18:12:12+00:00
put,7500.0,0.9810429435516386,114.9,115.7,115.30000000000001,0.16056321987466746,190.0,0,2026-09-10 20:08:03+00:00
put,7505.0,0.981696972180673,116.2,117.6,116.9,0.16025633674726533,1.0,0,2026-09-09 13:47:45+00:00
put,7510.0,0.9823510008097074,117.4,118.7,118.05000000000001,0.15950727280032853,20.0,0,2026-09-10 18:52:31+00:00
put,7515.0,0.9830050294387418,118.9,120.2,119.55000000000001,0.15907207883052282,13.0,0,2026-09-10 16:58:27+00:00
put,7520.0,0.9836590580677762,120.3,121.5,120.9,0.15847912772681214,30.0,0,2026-09-10 20:08:36+00:00
put,7525.0,0.9843130866968106,121.7,123.0,122.35,0.15796314393350439,27.0,0,2026-09-10 16:58:27+00:00
put,7530.0,0.9849671153258451,123.2,124.6,123.9,0.15752318701165022,19.0,0,2026-09-10 19:40:09+00:00
put,7535.0,0.9856211439548795,124.5,125.8,125.15,0.15678725174389538,20.0,0,2026-09-10 16:00:15+00:00
put,7540.0,0.986275172583914,126.1,127.4,126.75,0.15635906111856848,65.0,0,2026-09-10 20:06:04+00:00
put,7545.0,0.9869292012129484,127.5,128.9,128.2,0.1557745061979534,65.0,0,2026-09-10 19:40:56+00:00
put,7550.0,0.9875832298419828,129.2,129.9,129.55,0.15508068475641645,52.0,0,2026-09-10 20:08:36+00:00
put,7555.0,0.9882372584710172,130.7,132.0,131.35,0.15478288775324184,5.0,0,2026-09-10 19:43:20+00:00
put,7560.0,0.9888912871000516,132.0,133.4,132.7,0.15405415980946044,228.0,0,2026-09-10 20:06:04+00:00
put,7565.0,0.9895453157290861,133.8,135.2,134.5,0.1537191887119625,102.0,0,2026-09-10 19:40:56+00:00
put,7570.0,0.9901993443581205,135.4,136.8,136.10000000000002,0.15318289892809936,95.0,0,2026-09-10 19:55:24+00:00
put,7575.0,0.9908533729871549,136.9,138.3,137.60000000000002,0.15253736092217735,64.0,0,2026-09-10 19:51:21+00:00
put,7580.0,0.9915074016161893,138.6,140.1,139.35,0.15210048510660024,112.0,0,2026-09-10 19:58:40+00:00
put,7585.0,0.9921614302452237,140.3,141.7,141.0,0.1515539748925912,56.0,0,2026-09-10 19:28:48+00:00
put,7590.0,0.9928154588742581,141.9,143.2,142.55,0.15089826089879613,76.0,0,2026-09-10 19:46:48+00:00
put,7595.0,0.9934694875032927,143.6,144.9,144.25,0.15035917553519737,65.0,0,2026-09-10 19:44:07+00:00
put,7600.0,0.9941235161323271,145.3,146.2,145.75,0.14962073069895548,529.0,0,2026-09-10 20:06:04+00:00
put,7605.0,0.9947775447613615,147.2,148.7,147.95,0.14949281615316382,96.0,0,2026-09-10 18:52:10+00:00
put,7610.0,0.9954315733903959,148.8,150.2,149.5,0.14876047913848764,93.0,0,2026-09-10 19:58:40+00:00
put,7615.0,0.9960856020194303,150.6,152.0,151.3,0.1482330044829485,96.0,0,2026-09-10 19:49:45+00:00
put,7620.0,0.9967396306484647,152.4,153.8,153.10000000000002,0.14768547258420217,24.0,0,2026-09-10 19:47:46+00:00
put,7625.0,0.9973936592774991,154.5,155.9,155.2,0.1473862044029677,148.0,0,2026-09-10 19:30:19+00:00
put,7630.0,0.9980476879065336,156.2,157.6,156.89999999999998,0.14670843309364093,112.0,0,2026-09-10 18:30:23+00:00
put,7635.0,0.998701716535568,158.3,159.7,159.0,0.14636767292768338,124.0,0,2026-09-10 18:19:27+00:00
put,7640.0,0.9993557451646025,160.2,161.7,160.95,0.14587190242842987,81.0,0,2026-09-10 18:51:51+00:00
call,7645.0,1.0000097737936369,162.0,163.3,162.65,0.1451982650072867,1.0,0,2026-09-10 17:02:59+00:00
call,7650.0,1.0006638024226713,159.3,160.1,159.7,0.1447265954912845,76.0,0,2026-09-10 18:53:12+00:00
call,7655.0,1.0013178310517057,156.0,157.4,156.7,0.14418883294531656,6.0,0,2026-09-10 17:46:12+00:00
call,7660.0,1.00197185968074,153.2,154.5,153.85,0.14376326791301564,8.0,0,2026-09-09 15:22:18+00:00
call,7665.0,1.0026258883097745,150.3,151.6,150.95,0.14327122592966174,20.0,0,2026-09-10 19:38:59+00:00
call,7670.0,1.003279916938809,147.1,148.7,147.89999999999998,0.14262317157028206,11.0,0,2026-09-10 19:38:59+00:00
call,7675.0,1.0039339455678433,144.5,145.9,145.2,0.1422653824500779,426.0,0,2026-09-10 19:32:19+00:00
call,7680.0,1.004587974196878,141.5,143.0,142.25,0.14166175306776144,24.0,0,2026-09-10 19:47:40+00:00
call,7685.0,1.0052420028259124,139.1,140.2,139.64999999999998,0.14134842699130407,28.0,0,2026-09-10 17:36:53+00:00
call,7690.0,1.0058960314549468,136.2,137.6,136.89999999999998,0.14087816989611113,307.0,0,2026-09-10 19:08:07+00:00
call,7695.0,1.0065500600839812,133.2,134.6,133.89999999999998,0.1401606214995882,725.0,0,2026-09-10 18:15:44+00:00
call,7700.0,1.0072040887130156,130.9,131.6,131.25,0.13973344784103048,188.0,0,2026-09-10 19:36:47+00:00
call,7705.0,1.00785811734205,127.8,129.3,128.55,0.13923789260303018,28.0,0,2026-09-10 19:08:07+00:00
call,7710.0,1.0085121459710844,125.3,126.7,126.0,0.13885367198514983,30.0,0,2026-09-10 19:26:29+00:00
call,7715.0,1.0091661746001188,122.7,124.1,123.4,0.13840066895100597,58.0,0,2026-09-10 19:26:29+00:00
call,7720.0,1.0098202032291532,120.0,121.4,120.7,0.13783307587973853,92.0,0,2026-09-10 19:55:20+00:00
call,7725.0,1.0104742318581876,117.8,119.0,118.4,0.13760340515705669,29.0,0,2026-09-10 18:48:17+00:00
call,7730.0,1.011128260487222,115.3,116.5,115.9,0.13716845524381904,52.0,0,2026-09-10 19:51:19+00:00
call,7735.0,1.0117822891162565,112.5,113.9,113.2,0.13652652309704996,89.0,0,2026-09-10 18:02:19+00:00
call,7740.0,1.0124363177452909,109.9,111.4,110.65,0.13599567495779594,91.0,0,2026-09-10 19:08:07+00:00
call,7745.0,1.0130903463743255,107.4,108.9,108.15,0.13548497382763094,1.0,0,2026-09-10 18:29:50+00:00
call,7750.0,1.01374437500336,105.7,106.3,106.0,0.13527055042183903,819.0,0,2026-09-10 18:51:45+00:00
call,7755.0,1.0143984036323943,102.7,104.2,103.45,0.13466264613916568,7.0,0,2026-09-08 17:36:11+00:00
call,7760.0,1.0150524322614287,100.5,101.8,101.15,0.13425945167053258,10.0,0,2026-09-10 18:23:48+00:00
call,7765.0,1.0157064608904631,98.3,99.6,98.94999999999999,0.13392356180453438,1.0,0,2026-09-09 13:32:17+00:00
call,7770.0,1.0163604895194975,95.9,97.3,96.6,0.13342203297948688,8.0,0,2026-09-10 15:25:42+00:00
call,7775.0,1.017014518148532,93.5,95.0,94.25,0.1328934323477062,1.0,0,2026-09-10 15:36:01+00:00
call,7780.0,1.0176685467775664,91.5,92.9,92.2,0.13262024470061942,29.0,0,2026-09-10 18:43:12+00:00
call,7785.0,1.0183225754066008,89.5,90.7,90.1,0.1322742514038148,6.0,0,2026-09-10 19:10:04+00:00
call,7790.0,1.0189766040356352,87.2,88.6,87.9,0.13180670546396564,4.0,0,2026-09-10 19:10:04+00:00
call,7795.0,1.0196306326646696,85.2,86.5,85.85,0.13145507099627426,8.0,0,2026-09-10 19:03:26+00:00
call,7800.0,1.020284661293704,83.4,84.0,83.7,0.1309803748581649,1675.0,0,2026-09-10 19:48:55+00:00
call,7805.0,1.0209386899227384,80.9,82.2,81.55000000000001,0.1304772948844884,1.0,0,2026-09-08 14:08:00+00:00
call,7810.0,1.021592718551773,79.0,80.2,79.6,0.13014018792700016,31.0,0,2026-09-10 18:52:28+00:00
call,7815.0,1.0222467471808074,77.0,78.2,77.6,0.12972682088363738,10.0,0,2026-09-10 19:48:55+00:00
call,7820.0,1.0229007758098418,75.3,76.4,75.85,0.12953190601855516,8.0,0,2026-09-04 18:54:01+00:00
call,7825.0,1.0235548044388763,73.3,74.5,73.9,0.12911251149689193,45.0,0,2026-09-10 19:32:07+00:00
call,7830.0,1.0242088330679107,71.5,72.7,72.1,0.12881433740661943,20.0,0,2026-09-10 18:51:16+00:00
call,7835.0,1.024862861696945,69.5,70.7,70.1,0.12828708402798658,14.0,0,2026-09-10 14:13:22+00:00
call,7840.0,1.0255168903259795,67.9,69.0,68.45,0.1280843823285951,4.0,0,2026-09-10 18:51:46+00:00
call,7845.0,1.0261709189550139,65.9,67.2,66.55000000000001,0.12759938834755,8.0,0,2026-09-10 19:53:54+00:00
call,7850.0,1.0268249475840483,64.1,65.3,64.69999999999999,0.12713499331806247,27.0,0,2026-09-10 19:51:40+00:00
call,7855.0,1.0274789762130827,62.6,63.8,63.2,0.12700400685839675,4.0,0,2026-09-10 19:53:54+00:00
call,7860.0,1.0281330048421171,60.8,62.0,61.4,0.12653254098736985,11.0,0,2026-09-10 18:51:46+00:00
call,7865.0,1.0287870334711515,59.3,60.4,59.849999999999994,0.12629425750003093,1.0,0,2026-09-10 16:15:25+00:00
call,7870.0,1.029441062100186,57.5,58.7,58.1,0.12581453414579039,9.0,0,2026-09-10 19:59:41+00:00
call,7875.0,1.0300950907292206,56.2,57.3,56.75,0.12573402974352146,12.0,0,2026-09-10 19:51:40+00:00
call,7880.0,1.030749119358255,54.6,55.7,55.150000000000006,0.1253562984986197,2.0,0,2026-09-10 18:41:38+00:00
call,7885.0,1.0314031479872894,53.0,54.1,53.55,0.12494768785626238,24.0,0,2026-09-10 20:14:30+00:00
call,7890.0,1.0320571766163238,51.7,52.7,52.2,0.12478511993872388,23.0,0,2026-09-10 16:47:48+00:00
call,7895.0,1.0327112052453582,50.1,51.1,50.6,0.12431501637669232,33.0,0,2026-09-09 19:09:18+00:00
call,7900.0,1.0333652338743926,48.8,49.4,49.099999999999994,0.12392479136395647,64.0,0,2026-09-10 20:13:55+00:00
call,7905.0,1.034019262503427,47.4,48.4,47.9,0.1238467412761609,11.0,0,2026-09-10 18:30:00+00:00
call,7910.0,1.0346732911324614,45.9,47.0,46.45,0.12345325908277525,22.0,0,2026-09-10 14:57:47+00:00
call,7915.0,1.0353273197614958,44.5,45.6,45.05,0.1230857716047462,294.0,0,2026-09-10 19:09:12+00:00
call,7920.0,1.0359813483905302,43.2,44.3,43.75,0.12280477108254116,17.0,0,2026-09-10 18:16:21+00:00
call,7925.0,1.0366353770195647,42.2,43.2,42.7,0.12279378358778091,115.0,0,2026-09-10 19:49:51+00:00
call,7930.0,1.037289405648599,40.7,41.8,41.25,0.12227217728072666,5.0,0,2026-09-10 19:59:41+00:00
call,7935.0,1.0379434342776335,39.6,40.6,40.1,0.12208335517793742,264.0,0,2026-09-10 19:04:14+00:00
call,7940.0,1.038597462906668,38.4,39.4,38.9,0.12180348410440137,26.0,0,2026-09-10 19:13:11+00:00
call,7945.0,1.0392514915357025,37.4,38.4,37.9,0.12174532014435803,25.0,0,2026-09-10 18:08:01+00:00
call,7950.0,1.039905520164737,36.2,37.2,36.7,0.12140561612965343,51.0,0,2026-09-10 19:49:51+00:00
call,7955.0,1.0405595487937713,35.1,36.1,35.6,0.12116263740695556,21.0,0,2026-09-10 13:55:24+00:00
call,7960.0,1.0412135774228057,34.0,34.9,34.45,0.12082316511620513,3.0,0,2026-09-10 19:13:11+00:00
call,7965.0,1.0418676060518401,32.9,33.8,33.349999999999994,0.12051690015314406,14.0,0,2026-09-10 15:46:08+00:00
call,7970.0,1.0425216346808746,32.0,32.9,32.45,0.1204489952801976,1.0,0,2026-09-10 14:20:08+00:00
call,7975.0,1.043175663309909,30.9,31.8,31.35,0.1200799892717964,10.0,0,2026-09-10 18:02:19+00:00
call,7980.0,1.0438296919389434,29.9,30.9,30.4,0.1198853859672539,4.0,0,2026-09-10 18:39:52+00:00
call,7985.0,1.0444837205679778,28.9,29.9,29.4,0.11958986531895294,10.0,0,2026-09-10 15:37:42+00:00
call,7990.0,1.0451377491970122,28.1,29.0,28.55,0.11947723014200504,3.0,0,2026-09-10 13:57:37+00:00
call,7995.0,1.0457917778260466,27.2,28.1,27.65,0.11926377597869109,5.0,0,2026-09-09 16:04:12+00:00
call,8000.0,1.046445806455081,26.6,27.1,26.85,0.11916800638203541,14.0,0,2026-09-10 20:14:43+00:00
call,8005.0,1.0470998350841156,25.5,26.4,25.95,0.11889397060497402,5.0,0,2026-09-10 17:08:06+00:00
call,8010.0,1.04775386371315,24.6,25.5,25.05,0.11858660532208444,16.0,0,2026-09-09 20:07:57+00:00
call,8015.0,1.0484078923421845,23.9,24.8,24.35,0.11855724595946777,17.0,0,2026-09-10 16:51:19+00:00
call,8020.0,1.0490619209712189,23.0,23.9,23.45,0.118184790590508,6.0,0,2026-09-10 19:37:39+00:00
call,8025.0,1.0497159496002533,22.3,23.1,22.700000000000003,0.11801778275388852,23.0,0,2026-09-10 18:30:57+00:00
call,8030.0,1.0503699782292877,21.6,22.4,22.0,0.11790299121193126,1.0,0,2026-09-10 15:12:29+00:00
call,8035.0,1.051024006858322,20.9,21.7,21.299999999999997,0.11775982545129023,1.0,0,2026-09-09 14:00:03+00:00
call,8040.0,1.0516780354873565,20.1,20.9,20.5,0.11741640156160434,1.0,0,2026-09-10 13:55:24+00:00
call,8045.0,1.052332064116391,19.5,20.3,19.9,0.11738392293954511,4.0,0,2026-09-10 19:40:12+00:00
call,8050.0,1.0529860927454253,19.0,19.4,19.2,0.117148690348087,11125.0,0,2026-09-10 19:59:15+00:00
call,8055.0,1.0536401213744597,18.1,18.9,18.5,0.11688006338429086,2.0,0,2026-09-03 15:02:30+00:00
call,8060.0,1.0542941500034941,17.4,18.2,17.799999999999997,0.11657645394231361,2.0,0,2026-09-09 20:07:57+00:00
call,8065.0,1.0549481786325285,16.8,17.6,17.200000000000003,0.11642475946731994,8.0,0,2026-09-10 17:05:10+00:00
call,8070.0,1.055602207261563,16.3,17.1,16.700000000000003,0.11643461844638657,9.0,0,2026-09-10 18:32:42+00:00
call,8075.0,1.0562562358905976,15.8,16.5,16.15,0.11632252107845352,24.0,0,2026-09-10 19:45:09+00:00
call,8080.0,1.056910264519632,15.2,15.9,15.55,0.11608163082609955,2.0,0,2026-09-10 18:40:51+00:00
call,8085.0,1.0575642931486664,14.6,15.4,15.0,0.1159082289796475,7.0,0,2026-09-09 16:54:34+00:00
call,8090.0,1.0582183217777008,14.1,14.9,14.5,0.11580725603392254,2.0,0,2026-09-10 18:20:37+00:00
call,8095.0,1.0588723504067352,13.6,14.4,14.0,0.11567755821876877,4.0,0,2026-09-10 19:40:12+00:00
call,8100.0,1.0595263790357696,13.1,13.9,13.5,0.11551784013973779,48.0,0,2026-09-10 19:45:09+00:00
call,8105.0,1.060180407664804,12.7,13.4,13.05,0.11543768039049723,1.0,0,2026-09-10 15:01:00+00:00
call,8110.0,1.0608344362938384,12.2,12.9,12.55,0.11521611186041499,6.0,0,2026-09-10 19:37:13+00:00
call,8115.0,1.0614884649228729,11.8,12.5,12.15,0.11519210398734364,4.0,0,2026-09-10 15:00:46+00:00
call,8120.0,1.0621424935519073,11.3,12.1,11.7,0.11502400559005382,10.0,0,2026-09-10 15:47:39+00:00
call,8125.0,1.0627965221809417,10.9,11.7,11.3,0.11494497104331838,43.0,0,2026-09-10 19:54:51+00:00
call,8130.0,1.063450550809976,10.6,11.3,10.95,0.11496159479021227,149.0,0,2026-09-10 13:57:37+00:00
call,8135.0,1.0641045794390105,10.2,10.9,10.55,0.11482788062750969,6.0,0,2026-09-03 15:36:25+00:00
call,8140.0,1.0647586080680451,9.8,10.6,10.2,0.1147928805748245,148.0,0,2026-09-10 14:48:33+00:00
call,8145.0,1.0654126366970795,9.4,10.2,9.8,0.11459926787103011,17.0,0,2026-09-04 13:34:01+00:00
call,8150.0,1.066066665326114,9.1,9.8,9.45,0.1145075831368816,35.0,0,2026-09-10 19:01:57+00:00
call,8155.0,1.0667206939551483,8.8,9.5,9.15,0.11452584626274433,1.0,0,2026-09-10 15:39:37+00:00
call,8160.0,1.0673747225841828,8.4,9.2,8.8,0.11437835015749308,2.0,0,2026-09-10 19:37:13+00:00
call,8165.0,1.0680287512132172,8.1,8.8,8.45,0.11419901177707785,4.0,0,2026-09-10 15:00:46+00:00
call,8170.0,1.0686827798422516,7.9,8.6,8.25,0.11443361627044138,13.0,0,2026-09-10 18:51:32+00:00
call,8175.0,1.069336808471286,7.6,8.3,7.95,0.11435002775072985,31.0,0,2026-09-10 19:54:51+00:00
call,8180.0,1.0699908371003204,7.3,8.0,7.65,0.11423780056307821,150.0,0,2026-09-10 13:57:37+00:00
call,8185.0,1.0706448657293548,7.0,7.7,7.35,0.11409539110669172,8.0,0,2026-09-10 18:10:16+00:00
call,8190.0,1.0712988943583892,6.8,7.5,7.15,0.11424911781340336,148.0,0,2026-09-10 13:41:18+00:00
call,8195.0,1.0719529229874236,6.6,7.2,6.9,0.11421814087744894,42.0,0,2026-09-02 18:18:48+00:00
call,8200.0,1.072606951616458,6.3,7.0,6.65,0.1141611533165108,10.0,0,2026-09-10 14:33:40+00:00
call,8205.0,1.0732609802454927,6.1,6.8,6.449999999999999,0.11425255567594857,1.0,0,2026-09-08 16:28:52+00:00
call,8210.0,1.073915008874527,5.9,6.5,6.2,0.1141441465612454,1.0,0,2026-08-17 18:14:54+00:00
call,8220.0,1.0752230661325959,5.5,6.1,5.8,0.11421437761958463,12.0,0,2026-09-10 18:51:32+00:00
call,8225.0,1.0758770947616303,5.3,5.9,5.6,0.11421529511051261,1.0,0,2026-09-10 13:53:01+00:00
call,8230.0,1.0765311233906647,5.1,5.8,5.449999999999999,0.11438982796815045,1.0,0,2026-09-10 13:55:36+00:00
call,8240.0,1.0778391806487335,4.8,5.4,5.1,0.11448352091781375,1.0,0,2026-09-10 13:41:18+00:00
call,8250.0,1.0791472379068023,4.4,5.0,4.7,0.11426939552896924,228.0,0,2026-09-10 18:06:05+00:00
call,8260.0,1.0804552951648712,4.2,4.7,4.45,0.11462227814683373,10.0,0,2026-09-03 13:48:50+00:00
call,8270.0,1.0817633524229402,3.9,4.4,4.15,0.1146723462664719,4.0,0,2026-09-09 14:23:50+00:00
call,8275.0,1.0824173810519746,3.8,4.3,4.05,0.1149087246356013,2.0,0,2026-09-01 16:34:49+00:00
call,8280.0,1.083071409681009,3.6,4.2,3.9000000000000004,0.11488177104208191,2.0,0,2026-09-08 20:06:47+00:00
call,8290.0,1.0843794669390778,3.4,3.9,3.65,0.115015367664778,1.0,0,2026-09-08 13:39:31+00:00
call,8300.0,1.0856875241971466,3.2,3.7,3.45,0.1153428684393255,36.0,0,2026-09-10 14:14:08+00:00
call,8310.0,1.0869955814552155,3.0,3.5,3.25,0.11560722970987693,1.0,0,2026-09-10 19:48:28+00:00
call,8320.0,1.0883036387132843,2.85,3.3,3.075,0.1159541655609738,3.0,0,2026-08-31 18:20:36+00:00
call,8325.0,1.0889576673423187,2.8,3.2,3.0,0.11618240511966563,21.0,0,2026-09-04 14:20:26+00:00
call,8330.0,1.089611695971353,2.7,3.1,2.9000000000000004,0.11624116014105726,50.0,0,2026-09-01 19:51:24+00:00
call,8340.0,1.0909197532294221,2.55,2.95,2.75,0.11662812545717025,13.0,0,2026-09-04 19:51:54+00:00
call,8350.0,1.092227810487491,2.4,2.8,2.5999999999999996,0.11696020355812456,53.0,0,2026-09-10 19:09:11+00:00
call,8360.0,1.0935358677455598,2.25,2.65,2.45,0.11723300980128906,1.0,0,2026-09-08 16:24:00+00:00
call,8370.0,1.0948439250036286,2.15,2.5,2.325,0.11762983812591386,1.0,0,2026-09-04 13:49:07+00:00
call,8375.0,1.095497953632663,2.1,2.45,2.2750000000000004,0.11790480038211751,10.0,0,2026-09-08 18:34:15+00:00
call,8380.0,1.0961519822616974,2.0,2.4,2.2,0.11797472197458952,1.0,0,2026-09-10 19:48:28+00:00
call,8390.0,1.0974600395197662,1.9,2.3,2.0999999999999996,0.11846827480506444,1.0,0,2026-09-09 19:38:28+00:00
call,8400.0,1.098768096777835,1.8,2.2,2.0,0.11891955083291889,2.0,0,2026-09-10 14:26:04+00:00
call,8410.0,1.100076154035904,1.7,2.1,1.9,0.11932568203445283,101.0,0,2026-09-03 19:23:31+00:00
call,8420.0,1.101384211293973,1.65,2.05,1.8499999999999999,0.12014172017738435,3.0,0,2026-08-31 14:49:58+00:00
call,8425.0,1.1020382399230073,1.6,2.0,1.8,0.12031162934577051,1.0,0,2026-09-02 16:30:21+00:00
call,8430.0,1.1026922685520417,1.55,1.95,1.75,0.12046846092205732,2.0,0,2026-08-27 17:08:36+00:00
